{"{\"created_at\": \"Tue Aug 01 16:23:56 +0000 2017\", \"id\": 892420643555336193, \"id_str\": \"892420643555336193\", \"full_text\": \"This is Phineas. He's a mystical boy. Only ever appears in the hole of a donut. 13/10 https://t.co/MgUWQ76dJU\", \"truncated\": false, \"display_text_range\": [0, 85], \"entities\": {\"hashtags\": [], \"symbols\": [], \"user_mentions\": [], \"urls\": [], \"media\": [{\"id\": 892420639486877696, \"id_str\": \"892420639486877696\", \"indices\": [86, 109], \"media_url\": \"http://pbs.twimg.com/media/DGKD1-bXoAAIAUK.jpg\", \"media_url_https\": \"https://pbs.twimg.com/media/DGKD1-bXoAAIAUK.jpg\", \"url\": \"https://t.co/MgUWQ76dJU\", \"display_url\": \"pic.twitter.com/MgUWQ76dJU\", \"expanded_url\": \"https://twitter.com/dog_rates/status/892420643555336193/photo/1\", \"type\": \"photo\", \"sizes\": {\"large\": {\"w\": 540, \"h\": 528, \"resize\": \"fit\"}, \"thumb\": {\"w\": 150, \"h\": 150, \"resize\": \"crop\"}, \"small\": {\"w\": 540, \"h\": 528, \"resize\": \"fit\"}, \"medium\": {\"w\": 540, \"h\": 528, \"resize\": \"fit\"}}}]}, \"extended_entities\": {\"media\": [{\"id\": 892420639486877696, \"id_str\": \"892420639486877696\", \"indices\": [86, 109], \"media_url\": \"http://pbs.twimg.com/media/DGKD1-bXoAAIAUK.jpg\", \"media_url_https\": \"https://pbs.twimg.com/media/DGKD1-bXoAAIAUK.jpg\", \"url\": \"https://t.co/MgUWQ76dJU\", \"display_url\": \"pic.twitter.com/MgUWQ76dJU\", \"expanded_url\": \"https://twitter.com/dog_rates/status/892420643555336193/photo/1\", \"type\": \"photo\", \"sizes\": {\"large\": {\"w\": 540, \"h\": 528, \"resize\": \"fit\"}, \"thumb\": {\"w\": 150, \"h\": 150, \"resize\": \"crop\"}, \"small\": {\"w\": 540, \"h\": 528, \"resize\": \"fit\"}, \"medium\": {\"w\": 540, \"h\": 528, \"resize\": \"fit\"}}}]}, \"source\": \"<a href": null, "10/10 is reserved for dogs\", \"truncated\": false, \"display_text_range\": [30, 60], \"entities\": {\"hashtags\": [], \"symbols\": [], \"user_mentions\": [{\"screen_name\": \"ComplicitOwl\", \"name\": \"Derek\", \"id\": 16487760, \"id_str\": \"16487760\", \"indices\": [0, 13]}, {\"screen_name\": \"ShopWeRateDogs\", \"name\": \"The Dog Rates Shop\", \"id\": 752178371354882049, \"id_str\": \"752178371354882049\", \"indices\": [14, 29]}], \"urls\": []}, \"source\": \"<a href": null, " Co-host of @SHO_TheCircus": null, " more tk.\", \"url\": null, \"entities\": {\"description\": {\"urls\": []}}, \"protected\": false, \"followers_count\": 340546, \"friends_count\": 6907, \"listed_count\": 4150, \"created_at\": \"Sat Aug 28 19:53:23 +0000 2010\", \"favourites_count\": 112, \"utc_offset\": -10800, \"time_zone\": \"Atlantic Time (Canada)\", \"geo_enabled\": false, \"verified\": true, \"statuses_count\": 24435, \"lang\": \"en\", \"contributors_enabled\": false, \"is_translator\": false, \"is_translation_enabled\": false, \"profile_background_color\": \"C0DEED\", \"profile_background_image_url\": \"http://pbs.twimg.com/profile_background_images/378800000061582469/0754a0ddc450ae42471118dcb5bacfb5.png\", \"profile_background_image_url_https\": \"https://pbs.twimg.com/profile_background_images/378800000061582469/0754a0ddc450ae42471118dcb5bacfb5.png\", \"profile_background_tile\": true, \"profile_image_url\": \"http://pbs.twimg.com/profile_images/378800000526326752/72e93d715f5cd0ad3e20f2554d62b98e_normal.jpeg\", \"profile_image_url_https\": \"https://pbs.twimg.com/profile_images/378800000526326752/72e93d715f5cd0ad3e20f2554d62b98e_normal.jpeg\", \"profile_banner_url\": \"https://pbs.twimg.com/profile_banners/184136149/1500549657\", \"profile_link_color\": \"0084B4\", \"profile_sidebar_border_color\": \"FFFFFF\", \"profile_sidebar_fill_color\": \"DDEEF6\", \"profile_text_color\": \"333333\", \"profile_use_background_image\": false, \"has_extended_profile\": false, \"default_profile\": false, \"default_profile_image\": false, \"following\": false, \"follow_request_sent\": false, \"notifications\": false, \"translator_type\": \"none\"}, \"geo\": null, \"coordinates\": null, \"place\": null, \"contributors\": null, \"is_quote_status\": false, \"retweet_count\": 3405, \"favorite_count\": 16620, \"favorited\": false, \"retweeted\": false, \"possibly_sensitive\": false, \"possibly_sensitive_appealable\": false, \"lang\": \"en\"}, \"retweet_count\": 5943, \"favorite_count\": 28056, \"favorited\": false, \"retweeted\": false, \"possibly_sensitive\": false, \"possibly_sensitive_appealable\": false, \"lang\": \"en\"}\n{\"created_at\": \"Fri Apr 21 16:33:22 +0000 2017\", \"id\": 855459453768019968, \"id_str\": \"855459453768019968\", \"full_text\": \"Guys, we only rate dogs. This is quite clearly a bulbasaur. Please only send dogs. Thank you... 12/10 human used pet, it's super effective https://t.co/Xc7uj1C64x\", \"truncated\": false, \"display_text_range\": [0, 138], \"entities\": {\"hashtags\": [], \"symbols\": [], \"user_mentions\": [], \"urls\": [], \"media\": [{\"id\": 855459446566400000, \"id_str\": \"855459446566400000\", \"indices\": [139, 162], \"media_url\": \"http://pbs.twimg.com/media/C98z1ZBXsAA2E_-.jpg\", \"media_url_https\": \"https://pbs.twimg.com/media/C98z1ZBXsAA2E_-.jpg\", \"url\": \"https://t.co/Xc7uj1C64x\", \"display_url\": \"pic.twitter.com/Xc7uj1C64x\", \"expanded_url\": \"https://twitter.com/dog_rates/status/855459453768019968/photo/1\", \"type\": \"photo\", \"sizes\": {\"medium\": {\"w\": 900, \"h\": 1200, \"resize\": \"fit\"}, \"thumb\": {\"w\": 150, \"h\": 150, \"resize\": \"crop\"}, \"large\": {\"w\": 1536, \"h\": 2048, \"resize\": \"fit\"}, \"small\": {\"w\": 510, \"h\": 680, \"resize\": \"fit\"}}}]}, \"extended_entities\": {\"media\": [{\"id\": 855459446566400000, \"id_str\": \"855459446566400000\", \"indices\": [139, 162], \"media_url\": \"http://pbs.twimg.com/media/C98z1ZBXsAA2E_-.jpg\", \"media_url_https\": \"https://pbs.twimg.com/media/C98z1ZBXsAA2E_-.jpg\", \"url\": \"https://t.co/Xc7uj1C64x\", \"display_url\": \"pic.twitter.com/Xc7uj1C64x\", \"expanded_url\": \"https://twitter.com/dog_rates/status/855459453768019968/photo/1\", \"type\": \"photo\", \"sizes\": {\"medium\": {\"w\": 900, \"h\": 1200, \"resize\": \"fit\"}, \"thumb\": {\"w\": 150, \"h\": 150, \"resize\": \"crop\"}, \"large\": {\"w\": 1536, \"h\": 2048, \"resize\": \"fit\"}, \"small\": {\"w\": 510, \"h\": 680, \"resize\": \"fit\"}}}, {\"id\": 855459446562205697, \"id_str\": \"855459446562205697\", \"indices\": [139, 162], \"media_url\": \"http://pbs.twimg.com/media/C98z1ZAXsAEIFFn.jpg\", \"media_url_https\": \"https://pbs.twimg.com/media/C98z1ZAXsAEIFFn.jpg\", \"url\": \"https://t.co/Xc7uj1C64x\", \"display_url\": \"pic.twitter.com/Xc7uj1C64x\", \"expanded_url\": \"https://twitter.com/dog_rates/status/855459453768019968/photo/1\", \"type\": \"photo\", \"sizes\": {\"medium\": {\"w\": 900, \"h\": 1200, \"resize\": \"fit\"}, \"thumb\": {\"w\": 150, \"h\": 150, \"resize\": \"crop\"}, \"large\": {\"w\": 1536, \"h\": 2048, \"resize\": \"fit\"}, \"small\": {\"w\": 510, \"h\": 680, \"resize\": \"fit\"}}}]}, \"source\": \"<a href": null, " seek. 12/10 click the link to help Indie\\n\\nhttps://t.co/fvGkIuAlFK https://t.co/kiCFtmJd7l\", \"truncated\": false, \"display_text_range\": [0, 143], \"entities\": {\"hashtags\": [], \"symbols\": [], \"user_mentions\": [], \"urls\": [{\"url\": \"https://t.co/fvGkIuAlFK\", \"expanded_url\": \"https://www.gofundme.com/get-indie-home/\", \"display_url\": \"gofundme.com/get-indie-home/\", \"indices\": [120, 143]}], \"media\": [{\"id\": 842765306540052480, \"id_str\": \"842765306540052480\", \"indices\": [144, 167], \"media_url\": \"http://pbs.twimg.com/media/C7IalMVX0AATKRD.jpg\", \"media_url_https\": \"https://pbs.twimg.com/media/C7IalMVX0AATKRD.jpg\", \"url\": \"https://t.co/kiCFtmJd7l\", \"display_url\": \"pic.twitter.com/kiCFtmJd7l\", \"expanded_url\": \"https://twitter.com/dog_rates/status/842765311967449089/photo/1\", \"type\": \"photo\", \"sizes\": {\"large\": {\"w\": 750, \"h\": 742, \"resize\": \"fit\"}, \"thumb\": {\"w\": 150, \"h\": 150, \"resize\": \"crop\"}, \"small\": {\"w\": 680, \"h\": 673, \"resize\": \"fit\"}, \"medium\": {\"w\": 750, \"h\": 742, \"resize\": \"fit\"}}}]}, \"extended_entities\": {\"media\": [{\"id\": 842765306540052480, \"id_str\": \"842765306540052480\", \"indices\": [144, 167], \"media_url\": \"http://pbs.twimg.com/media/C7IalMVX0AATKRD.jpg\", \"media_url_https\": \"https://pbs.twimg.com/media/C7IalMVX0AATKRD.jpg\", \"url\": \"https://t.co/kiCFtmJd7l\", \"display_url\": \"pic.twitter.com/kiCFtmJd7l\", \"expanded_url\": \"https://twitter.com/dog_rates/status/842765311967449089/photo/1\", \"type\": \"photo\", \"sizes\": {\"large\": {\"w\": 750, \"h\": 742, \"resize\": \"fit\"}, \"thumb\": {\"w\": 150, \"h\": 150, \"resize\": \"crop\"}, \"small\": {\"w\": 680, \"h\": 673, \"resize\": \"fit\"}, \"medium\": {\"w\": 750, \"h\": 742, \"resize\": \"fit\"}}}, {\"id\": 842765306548371456, \"id_str\": \"842765306548371456\", \"indices\": [144, 167], \"media_url\": \"http://pbs.twimg.com/media/C7IalMXWwAAZ2G3.jpg\", \"media_url_https\": \"https://pbs.twimg.com/media/C7IalMXWwAAZ2G3.jpg\", \"url\": \"https://t.co/kiCFtmJd7l\", \"display_url\": \"pic.twitter.com/kiCFtmJd7l\", \"expanded_url\": \"https://twitter.com/dog_rates/status/842765311967449089/photo/1\", \"type\": \"photo\", \"sizes\": {\"large\": {\"w\": 747, \"h\": 745, \"resize\": \"fit\"}, \"small\": {\"w\": 680, \"h\": 678, \"resize\": \"fit\"}, \"thumb\": {\"w\": 150, \"h\": 150, \"resize\": \"crop\"}, \"medium\": {\"w\": 747, \"h\": 745, \"resize\": \"fit\"}}}]}, \"source\": \"<a href": null, " getting tangled in leash. 12/10 I would kill for Pipsy https://\\u2026\", \"truncated\": false, \"display_text_range\": [0, 144], \"entities\": {\"hashtags\": [], \"symbols\": [], \"user_mentions\": [{\"screen_name\": \"dog_rates\", \"name\": \"WeRateDogs\\u2122 (author)\", \"id\": 4196983835, \"id_str\": \"4196983835\", \"indices\": [3, 13]}], \"urls\": []}, \"source\": \"<a href": null, " getting tangled in leash. 12/10 I would kill for Pipsy https://t.co/h9R0EwKd9X\", \"truncated\": false, \"display_text_range\": [0, 143], \"entities\": {\"hashtags\": [], \"symbols\": [], \"user_mentions\": [], \"urls\": [], \"media\": [{\"id\": 667152157783670784, \"id_str\": \"667152157783670784\", \"indices\": [120, 143], \"media_url\": \"http://pbs.twimg.com/media/CUIzWk_UwAAfUNq.jpg\", \"media_url_https\": \"https://pbs.twimg.com/media/CUIzWk_UwAAfUNq.jpg\", \"url\": \"https://t.co/h9R0EwKd9X\", \"display_url\": \"pic.twitter.com/h9R0EwKd9X\", \"expanded_url\": \"https://twitter.com/dog_rates/status/667152164079423490/photo/1\", \"type\": \"photo\", \"sizes\": {\"small\": {\"w\": 340, \"h\": 470, \"resize\": \"fit\"}, \"thumb\": {\"w\": 150, \"h\": 150, \"resize\": \"crop\"}, \"large\": {\"w\": 741, \"h\": 1024, \"resize\": \"fit\"}, \"medium\": {\"w\": 600, \"h\": 829, \"resize\": \"fit\"}}}]}, \"extended_entities\": {\"media\": [{\"id\": 667152157783670784, \"id_str\": \"667152157783670784\", \"indices\": [120, 143], \"media_url\": \"http://pbs.twimg.com/media/CUIzWk_UwAAfUNq.jpg\", \"media_url_https\": \"https://pbs.twimg.com/media/CUIzWk_UwAAfUNq.jpg\", \"url\": \"https://t.co/h9R0EwKd9X\", \"display_url\": \"pic.twitter.com/h9R0EwKd9X\", \"expanded_url\": \"https://twitter.com/dog_rates/status/667152164079423490/photo/1\", \"type\": \"photo\", \"sizes\": {\"small\": {\"w\": 340, \"h\": 470, \"resize\": \"fit\"}, \"thumb\": {\"w\": 150, \"h\": 150, \"resize\": \"crop\"}, \"large\": {\"w\": 741, \"h\": 1024, \"resize\": \"fit\"}, \"medium\": {\"w\": 600, \"h\": 829, \"resize\": \"fit\"}}}]}, \"source\": \"<a href": null, "10/10 is reserved for puppos sorry Kevin\", \"truncated\": false, \"display_text_range\": [12, 56], \"entities\": {\"hashtags\": [], \"symbols\": [], \"user_mentions\": [{\"screen_name\": \"0_kelvin_0\", \"name\": \"Kelvin Hill\", \"id\": 840547864354918400, \"id_str\": \"840547864354918400\", \"indices\": [0, 11]}], \"urls\": []}, \"source\": \"<a href": null, " Harold (top). They are different dogs not only in appearance, but in personality as well. Both 12/10 symbiotic af https://t.co/8ZOZS2FSJe\", \"truncated\": false, \"display_text_range\": [0, 141], \"entities\": {\"hashtags\": [], \"symbols\": [], \"user_mentions\": [], \"urls\": [], \"media\": [{\"id\": 834458045388378116, \"id_str\": \"834458045388378116\", \"indices\": [142, 165], \"media_url\": \"http://pbs.twimg.com/media/C5SXK89XUAQg7GX.jpg\", \"media_url_https\": \"https://pbs.twimg.com/media/C5SXK89XUAQg7GX.jpg\", \"url\": \"https://t.co/8ZOZS2FSJe\", \"display_url\": \"pic.twitter.com/8ZOZS2FSJe\", \"expanded_url\": \"https://twitter.com/dog_rates/status/834458053273591808/photo/1\", \"type\": \"photo\", \"sizes\": {\"large\": {\"w\": 1148, \"h\": 2048, \"resize\": \"fit\"}, \"thumb\": {\"w\": 150, \"h\": 150, \"resize\": \"crop\"}, \"medium\": {\"w\": 673, \"h\": 1200, \"resize\": \"fit\"}, \"small\": {\"w\": 381, \"h\": 680, \"resize\": \"fit\"}}}]}, \"extended_entities\": {\"media\": [{\"id\": 834458045388378116, \"id_str\": \"834458045388378116\", \"indices\": [142, 165], \"media_url\": \"http://pbs.twimg.com/media/C5SXK89XUAQg7GX.jpg\", \"media_url_https\": \"https://pbs.twimg.com/media/C5SXK89XUAQg7GX.jpg\", \"url\": \"https://t.co/8ZOZS2FSJe\", \"display_url\": \"pic.twitter.com/8ZOZS2FSJe\", \"expanded_url\": \"https://twitter.com/dog_rates/status/834458053273591808/photo/1\", \"type\": \"photo\", \"sizes\": {\"large\": {\"w\": 1148, \"h\": 2048, \"resize\": \"fit\"}, \"thumb\": {\"w\": 150, \"h\": 150, \"resize\": \"crop\"}, \"medium\": {\"w\": 673, \"h\": 1200, \"resize\": \"fit\"}, \"small\": {\"w\": 381, \"h\": 680, \"resize\": \"fit\"}}}]}, \"source\": \"<a href": null, "10 rating\", \"truncated\": false, \"display_text_range\": [0, 69], \"entities\": {\"hashtags\": [], \"symbols\": [], \"user_mentions\": [], \"urls\": []}, \"source\": \"<a href": null, " Patti Melt. No matter how dysfunctional they get, they will never top their owners. Both 12/10 would pet at same time https://t.co/jQUdvtdYMu\", \"truncated\": false, \"display_text_range\": [0, 143], \"entities\": {\"hashtags\": [], \"symbols\": [], \"user_mentions\": [], \"urls\": [], \"media\": [{\"id\": 817536359321714688, \"id_str\": \"817536359321714688\", \"indices\": [144, 167], \"media_url\": \"http://pbs.twimg.com/media/C1h4_MBWQAAKtq4.jpg\", \"media_url_https\": \"https://pbs.twimg.com/media/C1h4_MBWQAAKtq4.jpg\", \"url\": \"https://t.co/jQUdvtdYMu\", \"display_url\": \"pic.twitter.com/jQUdvtdYMu\", \"expanded_url\": \"https://twitter.com/dog_rates/status/817536400337801217/photo/1\", \"type\": \"photo\", \"sizes\": {\"medium\": {\"w\": 900, \"h\": 1200, \"resize\": \"fit\"}, \"thumb\": {\"w\": 150, \"h\": 150, \"resize\": \"crop\"}, \"large\": {\"w\": 1536, \"h\": 2048, \"resize\": \"fit\"}, \"small\": {\"w\": 510, \"h\": 680, \"resize\": \"fit\"}}}]}, \"extended_entities\": {\"media\": [{\"id\": 817536359321714688, \"id_str\": \"817536359321714688\", \"indices\": [144, 167], \"media_url\": \"http://pbs.twimg.com/media/C1h4_MBWQAAKtq4.jpg\", \"media_url_https\": \"https://pbs.twimg.com/media/C1h4_MBWQAAKtq4.jpg\", \"url\": \"https://t.co/jQUdvtdYMu\", \"display_url\": \"pic.twitter.com/jQUdvtdYMu\", \"expanded_url\": \"https://twitter.com/dog_rates/status/817536400337801217/photo/1\", \"type\": \"photo\", \"sizes\": {\"medium\": {\"w\": 900, \"h\": 1200, \"resize\": \"fit\"}, \"thumb\": {\"w\": 150, \"h\": 150, \"resize\": \"crop\"}, \"large\": {\"w\": 1536, \"h\": 2048, \"resize\": \"fit\"}, \"small\": {\"w\": 510, \"h\": 680, \"resize\": \"fit\"}}}, {\"id\": 817536359334367232, \"id_str\": \"817536359334367232\", \"indices\": [144, 167], \"media_url\": \"http://pbs.twimg.com/media/C1h4_MEXUAARxQF.jpg\", \"media_url_https\": \"https://pbs.twimg.com/media/C1h4_MEXUAARxQF.jpg\", \"url\": \"https://t.co/jQUdvtdYMu\", \"display_url\": \"pic.twitter.com/jQUdvtdYMu\", \"expanded_url\": \"https://twitter.com/dog_rates/status/817536400337801217/photo/1\", \"type\": \"photo\", \"sizes\": {\"medium\": {\"w\": 900, \"h\": 1200, \"resize\": \"fit\"}, \"thumb\": {\"w\": 150, \"h\": 150, \"resize\": \"crop\"}, \"large\": {\"w\": 1536, \"h\": 2048, \"resize\": \"fit\"}, \"small\": {\"w\": 510, \"h\": 680, \"resize\": \"fit\"}}}, {\"id\": 817536359321796608, \"id_str\": \"817536359321796608\", \"indices\": [144, 167], \"media_url\": \"http://pbs.twimg.com/media/C1h4_MBXgAAT2q3.jpg\", \"media_url_https\": \"https://pbs.twimg.com/media/C1h4_MBXgAAT2q3.jpg\", \"url\": \"https://t.co/jQUdvtdYMu\", \"display_url\": \"pic.twitter.com/jQUdvtdYMu\", \"expanded_url\": \"https://twitter.com/dog_rates/status/817536400337801217/photo/1\", \"type\": \"photo\", \"sizes\": {\"medium\": {\"w\": 900, \"h\": 1200, \"resize\": \"fit\"}, \"thumb\": {\"w\": 150, \"h\": 150, \"resize\": \"crop\"}, \"large\": {\"w\": 1536, \"h\": 2048, \"resize\": \"fit\"}, \"small\": {\"w\": 510, \"h\": 680, \"resize\": \"fit\"}}}, {\"id\": 817536359325954052, \"id_str\": \"817536359325954052\", \"indices\": [144, 167], \"media_url\": \"http://pbs.twimg.com/media/C1h4_MCW8AQ9s_p.jpg\", \"media_url_https\": \"https://pbs.twimg.com/media/C1h4_MCW8AQ9s_p.jpg\", \"url\": \"https://t.co/jQUdvtdYMu\", \"display_url\": \"pic.twitter.com/jQUdvtdYMu\", \"expanded_url\": \"https://twitter.com/dog_rates/status/817536400337801217/photo/1\", \"type\": \"photo\", \"sizes\": {\"medium\": {\"w\": 900, \"h\": 1200, \"resize\": \"fit\"}, \"thumb\": {\"w\": 150, \"h\": 150, \"resize\": \"crop\"}, \"large\": {\"w\": 1536, \"h\": 2048, \"resize\": \"fit\"}, \"small\": {\"w\": 510, \"h\": 680, \"resize\": \"fit\"}}}]}, \"source\": \"<a href": null, " Wilbur. Wilbur stole Beau's bed from him. Wilbur now has so much room for activities. 9/10 for both pups https:/\\u2026\", \"truncated\": false, \"display_text_range\": [0, 144], \"entities\": {\"hashtags\": [], \"symbols\": [], \"user_mentions\": [{\"screen_name\": \"dog_rates\", \"name\": \"WeRateDogs\\u2122 (author)\", \"id\": 4196983835, \"id_str\": \"4196983835\", \"indices\": [3, 13]}], \"urls\": []}, \"source\": \"<a href": null, " Wilbur. Wilbur stole Beau's bed from him. Wilbur now has so much room for activities. 9/10 for both pups https://t.co/GPaoH5qWEk\", \"truncated\": false, \"display_text_range\": [0, 144], \"entities\": {\"hashtags\": [], \"symbols\": [], \"user_mentions\": [], \"urls\": [], \"media\": [{\"id\": 698195403653705729, \"id_str\": \"698195403653705729\", \"indices\": [121, 144], \"media_url\": \"http://pbs.twimg.com/media/CbB9BTqW8AEVc2A.jpg\", \"media_url_https\": \"https://pbs.twimg.com/media/CbB9BTqW8AEVc2A.jpg\", \"url\": \"https://t.co/GPaoH5qWEk\", \"display_url\": \"pic.twitter.com/GPaoH5qWEk\", \"expanded_url\": \"https://twitter.com/dog_rates/status/698195409219559425/photo/1\", \"type\": \"photo\", \"sizes\": {\"medium\": {\"w\": 600, \"h\": 538, \"resize\": \"fit\"}, \"thumb\": {\"w\": 150, \"h\": 150, \"resize\": \"crop\"}, \"large\": {\"w\": 621, \"h\": 557, \"resize\": \"fit\"}, \"small\": {\"w\": 340, \"h\": 305, \"resize\": \"fit\"}}}]}, \"extended_entities\": {\"media\": [{\"id\": 698195403653705729, \"id_str\": \"698195403653705729\", \"indices\": [121, 144], \"media_url\": \"http://pbs.twimg.com/media/CbB9BTqW8AEVc2A.jpg\", \"media_url_https\": \"https://pbs.twimg.com/media/CbB9BTqW8AEVc2A.jpg\", \"url\": \"https://t.co/GPaoH5qWEk\", \"display_url\": \"pic.twitter.com/GPaoH5qWEk\", \"expanded_url\": \"https://twitter.com/dog_rates/status/698195409219559425/photo/1\", \"type\": \"photo\", \"sizes\": {\"medium\": {\"w\": 600, \"h\": 538, \"resize\": \"fit\"}, \"thumb\": {\"w\": 150, \"h\": 150, \"resize\": \"crop\"}, \"large\": {\"w\": 621, \"h\": 557, \"resize\": \"fit\"}, \"small\": {\"w\": 340, \"h\": 305, \"resize\": \"fit\"}}}]}, \"source\": \"<a href": null, " secretly aspires to be a reindeer. \\nKeep Sam smiling by clicking and sharing this link:\\nhttps://t.co/98tB8y7y7t https://t.co/LouL5vdvxx\", \"truncated\": false, \"display_text_range\": [0, 143], \"entities\": {\"hashtags\": [], \"symbols\": [], \"user_mentions\": [], \"urls\": [{\"url\": \"https://t.co/98tB8y7y7t\", \"expanded_url\": \"https://www.gofundme.com/sams-smile\", \"display_url\": \"gofundme.com/sams-smile\", \"indices\": [120, 143]}], \"media\": [{\"id\": 810984648008466432, \"id_str\": \"810984648008466432\", \"indices\": [144, 167], \"media_url\": \"http://pbs.twimg.com/media/C0EyPZbXAAAceSc.jpg\", \"media_url_https\": \"https://pbs.twimg.com/media/C0EyPZbXAAAceSc.jpg\", \"url\": \"https://t.co/LouL5vdvxx\", \"display_url\": \"pic.twitter.com/LouL5vdvxx\", \"expanded_url\": \"https://twitter.com/dog_rates/status/810984652412424192/photo/1\", \"type\": \"photo\", \"sizes\": {\"small\": {\"w\": 528, \"h\": 527, \"resize\": \"fit\"}, \"large\": {\"w\": 528, \"h\": 527, \"resize\": \"fit\"}, \"thumb\": {\"w\": 150, \"h\": 150, \"resize\": \"crop\"}, \"medium\": {\"w\": 528, \"h\": 527, \"resize\": \"fit\"}}}]}, \"extended_entities\": {\"media\": [{\"id\": 810984648008466432, \"id_str\": \"810984648008466432\", \"indices\": [144, 167], \"media_url\": \"http://pbs.twimg.com/media/C0EyPZbXAAAceSc.jpg\", \"media_url_https\": \"https://pbs.twimg.com/media/C0EyPZbXAAAceSc.jpg\", \"url\": \"https://t.co/LouL5vdvxx\", \"display_url\": \"pic.twitter.com/LouL5vdvxx\", \"expanded_url\": \"https://twitter.com/dog_rates/status/810984652412424192/photo/1\", \"type\": \"photo\", \"sizes\": {\"small\": {\"w\": 528, \"h\": 527, \"resize\": \"fit\"}, \"large\": {\"w\": 528, \"h\": 527, \"resize\": \"fit\"}, \"thumb\": {\"w\": 150, \"h\": 150, \"resize\": \"crop\"}, \"medium\": {\"w\": 528, \"h\": 527, \"resize\": \"fit\"}}}]}, \"source\": \"<a href": null, " hoodie is comfy af. 13/10 \\n\\nPuppy Aika h*cking agrees. @dog_rates https:/\\u2026\", \"truncated\": false, \"display_text_range\": [0, 140], \"entities\": {\"hashtags\": [], \"symbols\": [], \"user_mentions\": [{\"screen_name\": \"ChinoChinako\", \"name\": \"Bunny\", \"id\": 24885566, \"id_str\": \"24885566\", \"indices\": [3, 16]}, {\"screen_name\": \"dog_rates\", \"name\": \"WeRateDogs\\u2122 (author)\", \"id\": 4196983835, \"id_str\": \"4196983835\", \"indices\": [121, 131]}], \"urls\": []}, \"source\": \"<a href": null, " hoodie is comfy af. 13/10 \\n\\nPuppy Aika h*cking agrees. @dog_rates https://t.co/tANxe3DrX7\", \"truncated\": false, \"display_text_range\": [0, 113], \"entities\": {\"hashtags\": [], \"symbols\": [], \"user_mentions\": [{\"screen_name\": \"dog_rates\", \"name\": \"WeRateDogs\\u2122 (author)\", \"id\": 4196983835, \"id_str\": \"4196983835\", \"indices\": [103, 113]}], \"urls\": [], \"media\": [{\"id\": 800065000324763648, \"id_str\": \"800065000324763648\", \"indices\": [114, 137], \"media_url\": \"http://pbs.twimg.com/media/Cxpm4P2UkAA9lxE.jpg\", \"media_url_https\": \"https://pbs.twimg.com/media/Cxpm4P2UkAA9lxE.jpg\", \"url\": \"https://t.co/tANxe3DrX7\", \"display_url\": \"pic.twitter.com/tANxe3DrX7\", \"expanded_url\": \"https://twitter.com/ChinoChinako/status/800065028116385792/photo/1\", \"type\": \"photo\", \"sizes\": {\"large\": {\"w\": 960, \"h\": 1280, \"resize\": \"fit\"}, \"medium\": {\"w\": 900, \"h\": 1200, \"resize\": \"fit\"}, \"thumb\": {\"w\": 150, \"h\": 150, \"resize\": \"crop\"}, \"small\": {\"w\": 510, \"h\": 680, \"resize\": \"fit\"}}}]}, \"extended_entities\": {\"media\": [{\"id\": 800065000324763648, \"id_str\": \"800065000324763648\", \"indices\": [114, 137], \"media_url\": \"http://pbs.twimg.com/media/Cxpm4P2UkAA9lxE.jpg\", \"media_url_https\": \"https://pbs.twimg.com/media/Cxpm4P2UkAA9lxE.jpg\", \"url\": \"https://t.co/tANxe3DrX7\", \"display_url\": \"pic.twitter.com/tANxe3DrX7\", \"expanded_url\": \"https://twitter.com/ChinoChinako/status/800065028116385792/photo/1\", \"type\": \"photo\", \"sizes\": {\"large\": {\"w\": 960, \"h\": 1280, \"resize\": \"fit\"}, \"medium\": {\"w\": 900, \"h\": 1200, \"resize\": \"fit\"}, \"thumb\": {\"w\": 150, \"h\": 150, \"resize\": \"crop\"}, \"small\": {\"w\": 510, \"h\": 680, \"resize\": \"fit\"}}}, {\"id\": 800065000328921088, \"id_str\": \"800065000328921088\", \"indices\": [114, 137], \"media_url\": \"http://pbs.twimg.com/media/Cxpm4P3UAAA-8I1.jpg\", \"media_url_https\": \"https://pbs.twimg.com/media/Cxpm4P3UAAA-8I1.jpg\", \"url\": \"https://t.co/tANxe3DrX7\", \"display_url\": \"pic.twitter.com/tANxe3DrX7\", \"expanded_url\": \"https://twitter.com/ChinoChinako/status/800065028116385792/photo/1\", \"type\": \"photo\", \"sizes\": {\"small\": {\"w\": 510, \"h\": 680, \"resize\": \"fit\"}, \"large\": {\"w\": 1350, \"h\": 1800, \"resize\": \"fit\"}, \"thumb\": {\"w\": 150, \"h\": 150, \"resize\": \"crop\"}, \"medium\": {\"w\": 900, \"h\": 1200, \"resize\": \"fit\"}}}, {\"id\": 800065000333152256, \"id_str\": \"800065000333152256\", \"indices\": [114, 137], \"media_url\": \"http://pbs.twimg.com/media/Cxpm4P4UkAAeQ0u.jpg\", \"media_url_https\": \"https://pbs.twimg.com/media/Cxpm4P4UkAAeQ0u.jpg\", \"url\": \"https://t.co/tANxe3DrX7\", \"display_url\": \"pic.twitter.com/tANxe3DrX7\", \"expanded_url\": \"https://twitter.com/ChinoChinako/status/800065028116385792/photo/1\", \"type\": \"photo\", \"sizes\": {\"large\": {\"w\": 1350, \"h\": 1800, \"resize\": \"fit\"}, \"small\": {\"w\": 510, \"h\": 680, \"resize\": \"fit\"}, \"medium\": {\"w\": 900, \"h\": 1200, \"resize\": \"fit\"}, \"thumb\": {\"w\": 150, \"h\": 150, \"resize\": \"crop\"}}}]}, \"source\": \"<a href": null, " licked position\\n11/10 https://t.co/7CQkn3gHOQ\", \"truncated\": false, \"display_text_range\": [0, 120], \"entities\": {\"hashtags\": [], \"symbols\": [], \"user_mentions\": [], \"urls\": [], \"media\": [{\"id\": 772826251237199873, \"id_str\": \"772826251237199873\", \"indices\": [121, 144], \"media_url\": \"http://pbs.twimg.com/media/CrmhYYIXEAEcyYY.jpg\", \"media_url_https\": \"https://pbs.twimg.com/media/CrmhYYIXEAEcyYY.jpg\", \"url\": \"https://t.co/7CQkn3gHOQ\", \"display_url\": \"pic.twitter.com/7CQkn3gHOQ\", \"expanded_url\": \"https://twitter.com/dog_rates/status/772826264096874500/photo/1\", \"type\": \"photo\", \"sizes\": {\"large\": {\"w\": 1024, \"h\": 576, \"resize\": \"fit\"}, \"medium\": {\"w\": 1024, \"h\": 576, \"resize\": \"fit\"}, \"small\": {\"w\": 680, \"h\": 383, \"resize\": \"fit\"}, \"thumb\": {\"w\": 150, \"h\": 150, \"resize\": \"crop\"}}}]}, \"extended_entities\": {\"media\": [{\"id\": 772826251237199873, \"id_str\": \"772826251237199873\", \"indices\": [121, 144], \"media_url\": \"http://pbs.twimg.com/media/CrmhYYIXEAEcyYY.jpg\", \"media_url_https\": \"https://pbs.twimg.com/media/CrmhYYIXEAEcyYY.jpg\", \"url\": \"https://t.co/7CQkn3gHOQ\", \"display_url\": \"pic.twitter.com/7CQkn3gHOQ\", \"expanded_url\": \"https://twitter.com/dog_rates/status/772826264096874500/photo/1\", \"type\": \"photo\", \"sizes\": {\"large\": {\"w\": 1024, \"h\": 576, \"resize\": \"fit\"}, \"medium\": {\"w\": 1024, \"h\": 576, \"resize\": \"fit\"}, \"small\": {\"w\": 680, \"h\": 383, \"resize\": \"fit\"}, \"thumb\": {\"w\": 150, \"h\": 150, \"resize\": \"crop\"}}}]}, \"source\": \"<a href": null, " Lila. Maggie is the doggo, Lila is the pupper. They are sisters. Both 12/10 would pet at the same time https://t.co/MYwR4DQKll\", \"truncated\": false, \"display_text_range\": [0, 120], \"entities\": {\"hashtags\": [], \"symbols\": [], \"user_mentions\": [], \"urls\": [], \"media\": [{\"id\": 759793413751472128, \"id_str\": \"759793413751472128\", \"indices\": [121, 144], \"media_url\": \"http://pbs.twimg.com/media/CotUFZFWgAAQOCz.jpg\", \"media_url_https\": \"https://pbs.twimg.com/media/CotUFZFWgAAQOCz.jpg\", \"url\": \"https://t.co/MYwR4DQKll\", \"display_url\": \"pic.twitter.com/MYwR4DQKll\", \"expanded_url\": \"https://twitter.com/dog_rates/status/759793422261743616/photo/1\", \"type\": \"photo\", \"sizes\": {\"large\": {\"w\": 1024, \"h\": 768, \"resize\": \"fit\"}, \"small\": {\"w\": 680, \"h\": 510, \"resize\": \"fit\"}, \"thumb\": {\"w\": 150, \"h\": 150, \"resize\": \"crop\"}, \"medium\": {\"w\": 1024, \"h\": 768, \"resize\": \"fit\"}}}]}, \"extended_entities\": {\"media\": [{\"id\": 759793413751472128, \"id_str\": \"759793413751472128\", \"indices\": [121, 144], \"media_url\": \"http://pbs.twimg.com/media/CotUFZFWgAAQOCz.jpg\", \"media_url_https\": \"https://pbs.twimg.com/media/CotUFZFWgAAQOCz.jpg\", \"url\": \"https://t.co/MYwR4DQKll\", \"display_url\": \"pic.twitter.com/MYwR4DQKll\", \"expanded_url\": \"https://twitter.com/dog_rates/status/759793422261743616/photo/1\", \"type\": \"photo\", \"sizes\": {\"large\": {\"w\": 1024, \"h\": 768, \"resize\": \"fit\"}, \"small\": {\"w\": 680, \"h\": 510, \"resize\": \"fit\"}, \"thumb\": {\"w\": 150, \"h\": 150, \"resize\": \"crop\"}, \"medium\": {\"w\": 1024, \"h\": 768, \"resize\": \"fit\"}}}, {\"id\": 759793413747273728, \"id_str\": \"759793413747273728\", \"indices\": [121, 144], \"media_url\": \"http://pbs.twimg.com/media/CotUFZEWcAA2Pku.jpg\", \"media_url_https\": \"https://pbs.twimg.com/media/CotUFZEWcAA2Pku.jpg\", \"url\": \"https://t.co/MYwR4DQKll\", \"display_url\": \"pic.twitter.com/MYwR4DQKll\", \"expanded_url\": \"https://twitter.com/dog_rates/status/759793422261743616/photo/1\", \"type\": \"photo\", \"sizes\": {\"large\": {\"w\": 1024, \"h\": 768, \"resize\": \"fit\"}, \"medium\": {\"w\": 1024, \"h\": 768, \"resize\": \"fit\"}, \"thumb\": {\"w\": 150, \"h\": 150, \"resize\": \"crop\"}, \"small\": {\"w\": 680, \"h\": 510, \"resize\": \"fit\"}}}]}, \"source\": \"<a href": null, " Honey Bear. Unfortunately, they were both born with no eyes. So heckin sad. Both 11/10 https://t.co/4UrfOZhztW\", \"truncated\": false, \"display_text_range\": [0, 110], \"entities\": {\"hashtags\": [], \"symbols\": [], \"user_mentions\": [], \"urls\": [], \"media\": [{\"id\": 758854659951865861, \"id_str\": \"758854659951865861\", \"indices\": [111, 134], \"media_url\": \"http://pbs.twimg.com/media/Cof-SuqUsAU8fp-.jpg\", \"media_url_https\": \"https://pbs.twimg.com/media/Cof-SuqUsAU8fp-.jpg\", \"url\": \"https://t.co/4UrfOZhztW\", \"display_url\": \"pic.twitter.com/4UrfOZhztW\", \"expanded_url\": \"https://twitter.com/dog_rates/status/758854675097526272/photo/1\", \"type\": \"photo\", \"sizes\": {\"large\": {\"w\": 640, \"h\": 791, \"resize\": \"fit\"}, \"medium\": {\"w\": 640, \"h\": 791, \"resize\": \"fit\"}, \"thumb\": {\"w\": 150, \"h\": 150, \"resize\": \"crop\"}, \"small\": {\"w\": 550, \"h\": 680, \"resize\": \"fit\"}}}]}, \"extended_entities\": {\"media\": [{\"id\": 758854659951865861, \"id_str\": \"758854659951865861\", \"indices\": [111, 134], \"media_url\": \"http://pbs.twimg.com/media/Cof-SuqUsAU8fp-.jpg\", \"media_url_https\": \"https://pbs.twimg.com/media/Cof-SuqUsAU8fp-.jpg\", \"url\": \"https://t.co/4UrfOZhztW\", \"display_url\": \"pic.twitter.com/4UrfOZhztW\", \"expanded_url\": \"https://twitter.com/dog_rates/status/758854675097526272/photo/1\", \"type\": \"photo\", \"sizes\": {\"large\": {\"w\": 640, \"h\": 791, \"resize\": \"fit\"}, \"medium\": {\"w\": 640, \"h\": 791, \"resize\": \"fit\"}, \"thumb\": {\"w\": 150, \"h\": 150, \"resize\": \"crop\"}, \"small\": {\"w\": 550, \"h\": 680, \"resize\": \"fit\"}}}, {\"id\": 758854659968602113, \"id_str\": \"758854659968602113\", \"indices\": [111, 134], \"media_url\": \"http://pbs.twimg.com/media/Cof-SuuUEAEu23X.jpg\", \"media_url_https\": \"https://pbs.twimg.com/media/Cof-SuuUEAEu23X.jpg\", \"url\": \"https://t.co/4UrfOZhztW\", \"display_url\": \"pic.twitter.com/4UrfOZhztW\", \"expanded_url\": \"https://twitter.com/dog_rates/status/758854675097526272/photo/1\", \"type\": \"photo\", \"sizes\": {\"thumb\": {\"w\": 150, \"h\": 150, \"resize\": \"crop\"}, \"medium\": {\"w\": 640, \"h\": 640, \"resize\": \"fit\"}, \"large\": {\"w\": 640, \"h\": 640, \"resize\": \"fit\"}, \"small\": {\"w\": 640, \"h\": 640, \"resize\": \"fit\"}}}, {\"id\": 758854659977064448, \"id_str\": \"758854659977064448\", \"indices\": [111, 134], \"media_url\": \"http://pbs.twimg.com/media/Cof-SuwVMAAaEU8.jpg\", \"media_url_https\": \"https://pbs.twimg.com/media/Cof-SuwVMAAaEU8.jpg\", \"url\": \"https://t.co/4UrfOZhztW\", \"display_url\": \"pic.twitter.com/4UrfOZhztW\", \"expanded_url\": \"https://twitter.com/dog_rates/status/758854675097526272/photo/1\", \"type\": \"photo\", \"sizes\": {\"medium\": {\"w\": 609, \"h\": 404, \"resize\": \"fit\"}, \"large\": {\"w\": 609, \"h\": 404, \"resize\": \"fit\"}, \"thumb\": {\"w\": 150, \"h\": 150, \"resize\": \"crop\"}, \"small\": {\"w\": 609, \"h\": 404, \"resize\": \"fit\"}}}, {\"id\": 758854659951910912, \"id_str\": \"758854659951910912\", \"indices\": [111, 134], \"media_url\": \"http://pbs.twimg.com/media/Cof-SuqVYAAs4kZ.jpg\", \"media_url_https\": \"https://pbs.twimg.com/media/Cof-SuqVYAAs4kZ.jpg\", \"url\": \"https://t.co/4UrfOZhztW\", \"display_url\": \"pic.twitter.com/4UrfOZhztW\", \"expanded_url\": \"https://twitter.com/dog_rates/status/758854675097526272/photo/1\", \"type\": \"photo\", \"sizes\": {\"large\": {\"w\": 566, \"h\": 628, \"resize\": \"fit\"}, \"small\": {\"w\": 566, \"h\": 628, \"resize\": \"fit\"}, \"thumb\": {\"w\": 150, \"h\": 150, \"resize\": \"crop\"}, \"medium\": {\"w\": 566, \"h\": 628, \"resize\": \"fit\"}}}]}, \"source\": \"<a href": null, " Jil. Jil is yelling the pledge of allegiance. If u cant take the freedom get out the kitchen Jax. 10/10s https://t.co/jrg29NDNhI\", \"truncated\": false, \"display_text_range\": [0, 119], \"entities\": {\"hashtags\": [], \"symbols\": [], \"user_mentions\": [], \"urls\": [], \"media\": [{\"id\": 750023357219962880, \"id_str\": \"750023357219962880\", \"indices\": [120, 143], \"media_url\": \"http://pbs.twimg.com/media/CmieRQRXgAA8MV3.jpg\", \"media_url_https\": \"https://pbs.twimg.com/media/CmieRQRXgAA8MV3.jpg\", \"url\": \"https://t.co/jrg29NDNhI\", \"display_url\": \"pic.twitter.com/jrg29NDNhI\", \"expanded_url\": \"https://twitter.com/dog_rates/status/750026558547456000/photo/1\", \"type\": \"photo\", \"sizes\": {\"medium\": {\"w\": 900, \"h\": 1200, \"resize\": \"fit\"}, \"thumb\": {\"w\": 150, \"h\": 150, \"resize\": \"crop\"}, \"large\": {\"w\": 1536, \"h\": 2048, \"resize\": \"fit\"}, \"small\": {\"w\": 510, \"h\": 680, \"resize\": \"fit\"}}}]}, \"extended_entities\": {\"media\": [{\"id\": 750023357219962880, \"id_str\": \"750023357219962880\", \"indices\": [120, 143], \"media_url\": \"http://pbs.twimg.com/media/CmieRQRXgAA8MV3.jpg\", \"media_url_https\": \"https://pbs.twimg.com/media/CmieRQRXgAA8MV3.jpg\", \"url\": \"https://t.co/jrg29NDNhI\", \"display_url\": \"pic.twitter.com/jrg29NDNhI\", \"expanded_url\": \"https://twitter.com/dog_rates/status/750026558547456000/photo/1\", \"type\": \"photo\", \"sizes\": {\"medium\": {\"w\": 900, \"h\": 1200, \"resize\": \"fit\"}, \"thumb\": {\"w\": 150, \"h\": 150, \"resize\": \"crop\"}, \"large\": {\"w\": 1536, \"h\": 2048, \"resize\": \"fit\"}, \"small\": {\"w\": 510, \"h\": 680, \"resize\": \"fit\"}}}]}, \"source\": \"<a href": null, " some neighbors came over to watch him perform but he's nervous af. 9/10 u got this pupper https://t.co/5bdCpPlno9\", \"truncated\": false, \"display_text_range\": [0, 120], \"entities\": {\"hashtags\": [], \"symbols\": [], \"user_mentions\": [], \"urls\": [], \"media\": [{\"id\": 735137021832888320, \"id_str\": \"735137021832888320\", \"indices\": [121, 144], \"media_url\": \"http://pbs.twimg.com/media/CjO7OfeWgAAUQy-.jpg\", \"media_url_https\": \"https://pbs.twimg.com/media/CjO7OfeWgAAUQy-.jpg\", \"url\": \"https://t.co/5bdCpPlno9\", \"display_url\": \"pic.twitter.com/5bdCpPlno9\", \"expanded_url\": \"https://twitter.com/dog_rates/status/735137028879360001/photo/1\", \"type\": \"photo\", \"sizes\": {\"thumb\": {\"w\": 150, \"h\": 150, \"resize\": \"crop\"}, \"medium\": {\"w\": 600, \"h\": 450, \"resize\": \"fit\"}, \"small\": {\"w\": 340, \"h\": 255, \"resize\": \"fit\"}, \"large\": {\"w\": 960, \"h\": 720, \"resize\": \"fit\"}}}]}, \"extended_entities\": {\"media\": [{\"id\": 735137021832888320, \"id_str\": \"735137021832888320\", \"indices\": [121, 144], \"media_url\": \"http://pbs.twimg.com/media/CjO7OfeWgAAUQy-.jpg\", \"media_url_https\": \"https://pbs.twimg.com/media/CjO7OfeWgAAUQy-.jpg\", \"url\": \"https://t.co/5bdCpPlno9\", \"display_url\": \"pic.twitter.com/5bdCpPlno9\", \"expanded_url\": \"https://twitter.com/dog_rates/status/735137028879360001/photo/1\", \"type\": \"photo\", \"sizes\": {\"thumb\": {\"w\": 150, \"h\": 150, \"resize\": \"crop\"}, \"medium\": {\"w\": 600, \"h\": 450, \"resize\": \"fit\"}, \"small\": {\"w\": 340, \"h\": 255, \"resize\": \"fit\"}, \"large\": {\"w\": 960, \"h\": 720, \"resize\": \"fit\"}}}]}, \"source\": \"<a href": null, " Murphy. Murphy floats alongside Sid and whispers motivational quotes in his ear. Magical af. Both 11/10 https://t.co/7mmjyearQW\", \"truncated\": false, \"display_text_range\": [0, 142], \"entities\": {\"hashtags\": [], \"symbols\": [], \"user_mentions\": [], \"urls\": [], \"media\": [{\"id\": 719367753803698176, \"id_str\": \"719367753803698176\", \"indices\": [119, 142], \"media_url\": \"http://pbs.twimg.com/media/Cfu1KSRXEAACC5X.jpg\", \"media_url_https\": \"https://pbs.twimg.com/media/Cfu1KSRXEAACC5X.jpg\", \"url\": \"https://t.co/7mmjyearQW\", \"display_url\": \"pic.twitter.com/7mmjyearQW\", \"expanded_url\": \"https://twitter.com/dog_rates/status/719367763014393856/photo/1\", \"type\": \"photo\", \"sizes\": {\"thumb\": {\"w\": 150, \"h\": 150, \"resize\": \"crop\"}, \"medium\": {\"w\": 577, \"h\": 1024, \"resize\": \"fit\"}, \"large\": {\"w\": 577, \"h\": 1024, \"resize\": \"fit\"}, \"small\": {\"w\": 340, \"h\": 603, \"resize\": \"fit\"}}}]}, \"extended_entities\": {\"media\": [{\"id\": 719367753803698176, \"id_str\": \"719367753803698176\", \"indices\": [119, 142], \"media_url\": \"http://pbs.twimg.com/media/Cfu1KSRXEAACC5X.jpg\", \"media_url_https\": \"https://pbs.twimg.com/media/Cfu1KSRXEAACC5X.jpg\", \"url\": \"https://t.co/7mmjyearQW\", \"display_url\": \"pic.twitter.com/7mmjyearQW\", \"expanded_url\": \"https://twitter.com/dog_rates/status/719367763014393856/photo/1\", \"type\": \"photo\", \"sizes\": {\"thumb\": {\"w\": 150, \"h\": 150, \"resize\": \"crop\"}, \"medium\": {\"w\": 577, \"h\": 1024, \"resize\": \"fit\"}, \"large\": {\"w\": 577, \"h\": 1024, \"resize\": \"fit\"}, \"small\": {\"w\": 340, \"h\": 603, \"resize\": \"fit\"}}}]}, \"source\": \"<a href": null, " churlish. 11/10 would still pet https://t.co/h0trcJohYO\", \"truncated\": false, \"display_text_range\": [0, 144], \"entities\": {\"hashtags\": [], \"symbols\": [], \"user_mentions\": [], \"urls\": [], \"media\": [{\"id\": 716791134920552448, \"id_str\": \"716791134920552448\", \"indices\": [121, 144], \"media_url\": \"http://pbs.twimg.com/media/CfKNvU8WsAAvI9Z.jpg\", \"media_url_https\": \"https://pbs.twimg.com/media/CfKNvU8WsAAvI9Z.jpg\", \"url\": \"https://t.co/h0trcJohYO\", \"display_url\": \"pic.twitter.com/h0trcJohYO\", \"expanded_url\": \"https://twitter.com/dog_rates/status/716791146589110272/photo/1\", \"type\": \"photo\", \"sizes\": {\"large\": {\"w\": 1024, \"h\": 1365, \"resize\": \"fit\"}, \"thumb\": {\"w\": 150, \"h\": 150, \"resize\": \"crop\"}, \"medium\": {\"w\": 600, \"h\": 800, \"resize\": \"fit\"}, \"small\": {\"w\": 340, \"h\": 453, \"resize\": \"fit\"}}}]}, \"extended_entities\": {\"media\": [{\"id\": 716791134920552448, \"id_str\": \"716791134920552448\", \"indices\": [121, 144], \"media_url\": \"http://pbs.twimg.com/media/CfKNvU8WsAAvI9Z.jpg\", \"media_url_https\": \"https://pbs.twimg.com/media/CfKNvU8WsAAvI9Z.jpg\", \"url\": \"https://t.co/h0trcJohYO\", \"display_url\": \"pic.twitter.com/h0trcJohYO\", \"expanded_url\": \"https://twitter.com/dog_rates/status/716791146589110272/photo/1\", \"type\": \"photo\", \"sizes\": {\"large\": {\"w\": 1024, \"h\": 1365, \"resize\": \"fit\"}, \"thumb\": {\"w\": 150, \"h\": 150, \"resize\": \"crop\"}, \"medium\": {\"w\": 600, \"h\": 800, \"resize\": \"fit\"}, \"small\": {\"w\": 340, \"h\": 453, \"resize\": \"fit\"}}}]}, \"source\": \"<a href": null, " 8/10\\nget it together Flurp https://t.co/Akzl5ynMmE\", \"truncated\": false, \"display_text_range\": [0, 143], \"entities\": {\"hashtags\": [], \"symbols\": [], \"user_mentions\": [], \"urls\": [], \"media\": [{\"id\": 714258253283213313, \"id_str\": \"714258253283213313\", \"indices\": [120, 143], \"media_url\": \"http://pbs.twimg.com/media/CemOGNjWQAEoN7R.jpg\", \"media_url_https\": \"https://pbs.twimg.com/media/CemOGNjWQAEoN7R.jpg\", \"url\": \"https://t.co/Akzl5ynMmE\", \"display_url\": \"pic.twitter.com/Akzl5ynMmE\", \"expanded_url\": \"https://twitter.com/dog_rates/status/714258258790387713/photo/1\", \"type\": \"photo\", \"sizes\": {\"large\": {\"w\": 666, \"h\": 699, \"resize\": \"fit\"}, \"thumb\": {\"w\": 150, \"h\": 150, \"resize\": \"crop\"}, \"medium\": {\"w\": 600, \"h\": 630, \"resize\": \"fit\"}, \"small\": {\"w\": 340, \"h\": 357, \"resize\": \"fit\"}}}]}, \"extended_entities\": {\"media\": [{\"id\": 714258253283213313, \"id_str\": \"714258253283213313\", \"indices\": [120, 143], \"media_url\": \"http://pbs.twimg.com/media/CemOGNjWQAEoN7R.jpg\", \"media_url_https\": \"https://pbs.twimg.com/media/CemOGNjWQAEoN7R.jpg\", \"url\": \"https://t.co/Akzl5ynMmE\", \"display_url\": \"pic.twitter.com/Akzl5ynMmE\", \"expanded_url\": \"https://twitter.com/dog_rates/status/714258258790387713/photo/1\", \"type\": \"photo\", \"sizes\": {\"large\": {\"w\": 666, \"h\": 699, \"resize\": \"fit\"}, \"thumb\": {\"w\": 150, \"h\": 150, \"resize\": \"crop\"}, \"medium\": {\"w\": 600, \"h\": 630, \"resize\": \"fit\"}, \"small\": {\"w\": 340, \"h\": 357, \"resize\": \"fit\"}}}]}, \"source\": \"<a href": null, " Titson\\nNone know where camera is. 45/50 would hug all at once https://t.co/sedre1ivTK\", \"truncated\": false, \"display_text_range\": [0, 144], \"entities\": {\"hashtags\": [], \"symbols\": [], \"user_mentions\": [], \"urls\": [], \"media\": [{\"id\": 709198376978522112, \"id_str\": \"709198376978522112\", \"indices\": [121, 144], \"media_url\": \"http://pbs.twimg.com/media/CdeUKpcWoAAJAWJ.jpg\", \"media_url_https\": \"https://pbs.twimg.com/media/CdeUKpcWoAAJAWJ.jpg\", \"url\": \"https://t.co/sedre1ivTK\", \"display_url\": \"pic.twitter.com/sedre1ivTK\", \"expanded_url\": \"https://twitter.com/dog_rates/status/709198395643068416/photo/1\", \"type\": \"photo\", \"sizes\": {\"large\": {\"w\": 660, \"h\": 1024, \"resize\": \"fit\"}, \"medium\": {\"w\": 600, \"h\": 931, \"resize\": \"fit\"}, \"thumb\": {\"w\": 150, \"h\": 150, \"resize\": \"crop\"}, \"small\": {\"w\": 340, \"h\": 528, \"resize\": \"fit\"}}}]}, \"extended_entities\": {\"media\": [{\"id\": 709198376978522112, \"id_str\": \"709198376978522112\", \"indices\": [121, 144], \"media_url\": \"http://pbs.twimg.com/media/CdeUKpcWoAAJAWJ.jpg\", \"media_url_https\": \"https://pbs.twimg.com/media/CdeUKpcWoAAJAWJ.jpg\", \"url\": \"https://t.co/sedre1ivTK\", \"display_url\": \"pic.twitter.com/sedre1ivTK\", \"expanded_url\": \"https://twitter.com/dog_rates/status/709198395643068416/photo/1\", \"type\": \"photo\", \"sizes\": {\"large\": {\"w\": 660, \"h\": 1024, \"resize\": \"fit\"}, \"medium\": {\"w\": 600, \"h\": 931, \"resize\": \"fit\"}, \"thumb\": {\"w\": 150, \"h\": 150, \"resize\": \"crop\"}, \"small\": {\"w\": 340, \"h\": 528, \"resize\": \"fit\"}}}]}, \"source\": \"<a href": null, " Kiwi. Rambo's the pup with the sharp toes &amp": null, " rad mohawk. One stays woke while one sleeps. 10/10 for both https://t.co/MpH1Fe9LhZ\", \"truncated\": false, \"display_text_range\": [0, 148], \"entities\": {\"hashtags\": [], \"symbols\": [], \"user_mentions\": [], \"urls\": [], \"media\": [{\"id\": 702671112556158976, \"id_str\": \"702671112556158976\", \"indices\": [125, 148], \"media_url\": \"http://pbs.twimg.com/media/CcBjp2nWoAA8w-2.jpg\", \"media_url_https\": \"https://pbs.twimg.com/media/CcBjp2nWoAA8w-2.jpg\", \"url\": \"https://t.co/MpH1Fe9LhZ\", \"display_url\": \"pic.twitter.com/MpH1Fe9LhZ\", \"expanded_url\": \"https://twitter.com/dog_rates/status/702671118226825216/photo/1\", \"type\": \"photo\", \"sizes\": {\"large\": {\"w\": 1024, \"h\": 768, \"resize\": \"fit\"}, \"small\": {\"w\": 680, \"h\": 510, \"resize\": \"fit\"}, \"thumb\": {\"w\": 150, \"h\": 150, \"resize\": \"crop\"}, \"medium\": {\"w\": 1024, \"h\": 768, \"resize\": \"fit\"}}}]}, \"extended_entities\": {\"media\": [{\"id\": 702671112556158976, \"id_str\": \"702671112556158976\", \"indices\": [125, 148], \"media_url\": \"http://pbs.twimg.com/media/CcBjp2nWoAA8w-2.jpg\", \"media_url_https\": \"https://pbs.twimg.com/media/CcBjp2nWoAA8w-2.jpg\", \"url\": \"https://t.co/MpH1Fe9LhZ\", \"display_url\": \"pic.twitter.com/MpH1Fe9LhZ\", \"expanded_url\": \"https://twitter.com/dog_rates/status/702671118226825216/photo/1\", \"type\": \"photo\", \"sizes\": {\"large\": {\"w\": 1024, \"h\": 768, \"resize\": \"fit\"}, \"small\": {\"w\": 680, \"h\": 510, \"resize\": \"fit\"}, \"thumb\": {\"w\": 150, \"h\": 150, \"resize\": \"crop\"}, \"medium\": {\"w\": 1024, \"h\": 768, \"resize\": \"fit\"}}}]}, \"source\": \"<a href": null, " can't bark for shit. 10/10 &amp": null, " 5/10 https://t.co/6NgsQJuSBJ\", \"truncated\": false, \"display_text_range\": [0, 147], \"entities\": {\"hashtags\": [], \"symbols\": [], \"user_mentions\": [], \"urls\": [], \"media\": [{\"id\": 694352832733040641, \"id_str\": \"694352832733040641\", \"indices\": [124, 147], \"media_url\": \"http://pbs.twimg.com/media/CaLWOPfW0AEv4JF.jpg\", \"media_url_https\": \"https://pbs.twimg.com/media/CaLWOPfW0AEv4JF.jpg\", \"url\": \"https://t.co/6NgsQJuSBJ\", \"display_url\": \"pic.twitter.com/6NgsQJuSBJ\", \"expanded_url\": \"https://twitter.com/dog_rates/status/694352839993344000/photo/1\", \"type\": \"photo\", \"sizes\": {\"thumb\": {\"w\": 150, \"h\": 150, \"resize\": \"crop\"}, \"medium\": {\"w\": 600, \"h\": 800, \"resize\": \"fit\"}, \"large\": {\"w\": 768, \"h\": 1024, \"resize\": \"fit\"}, \"small\": {\"w\": 340, \"h\": 453, \"resize\": \"fit\"}}}]}, \"extended_entities\": {\"media\": [{\"id\": 694352832733040641, \"id_str\": \"694352832733040641\", \"indices\": [124, 147], \"media_url\": \"http://pbs.twimg.com/media/CaLWOPfW0AEv4JF.jpg\", \"media_url_https\": \"https://pbs.twimg.com/media/CaLWOPfW0AEv4JF.jpg\", \"url\": \"https://t.co/6NgsQJuSBJ\", \"display_url\": \"pic.twitter.com/6NgsQJuSBJ\", \"expanded_url\": \"https://twitter.com/dog_rates/status/694352839993344000/photo/1\", \"type\": \"photo\", \"sizes\": {\"thumb\": {\"w\": 150, \"h\": 150, \"resize\": \"crop\"}, \"medium\": {\"w\": 600, \"h\": 800, \"resize\": \"fit\"}, \"large\": {\"w\": 768, \"h\": 1024, \"resize\": \"fit\"}, \"small\": {\"w\": 340, \"h\": 453, \"resize\": \"fit\"}}}, {\"id\": 694352832733024256, \"id_str\": \"694352832733024256\", \"indices\": [124, 147], \"media_url\": \"http://pbs.twimg.com/media/CaLWOPfWkAAo2Dt.jpg\", \"media_url_https\": \"https://pbs.twimg.com/media/CaLWOPfWkAAo2Dt.jpg\", \"url\": \"https://t.co/6NgsQJuSBJ\", \"display_url\": \"pic.twitter.com/6NgsQJuSBJ\", \"expanded_url\": \"https://twitter.com/dog_rates/status/694352839993344000/photo/1\", \"type\": \"photo\", \"sizes\": {\"thumb\": {\"w\": 150, \"h\": 150, \"resize\": \"crop\"}, \"medium\": {\"w\": 600, \"h\": 800, \"resize\": \"fit\"}, \"large\": {\"w\": 768, \"h\": 1024, \"resize\": \"fit\"}, \"small\": {\"w\": 340, \"h\": 453, \"resize\": \"fit\"}}}, {\"id\": 694352832753983490, \"id_str\": \"694352832753983490\", \"indices\": [124, 147], \"media_url\": \"http://pbs.twimg.com/media/CaLWOPkWYAIxMbb.jpg\", \"media_url_https\": \"https://pbs.twimg.com/media/CaLWOPkWYAIxMbb.jpg\", \"url\": \"https://t.co/6NgsQJuSBJ\", \"display_url\": \"pic.twitter.com/6NgsQJuSBJ\", \"expanded_url\": \"https://twitter.com/dog_rates/status/694352839993344000/photo/1\", \"type\": \"photo\", \"sizes\": {\"large\": {\"w\": 750, \"h\": 564, \"resize\": \"fit\"}, \"thumb\": {\"w\": 150, \"h\": 150, \"resize\": \"crop\"}, \"small\": {\"w\": 340, \"h\": 256, \"resize\": \"fit\"}, \"medium\": {\"w\": 600, \"h\": 451, \"resize\": \"fit\"}}}, {\"id\": 694352832980459521, \"id_str\": \"694352832980459521\", \"indices\": [124, 147], \"media_url\": \"http://pbs.twimg.com/media/CaLWOQaWIAEUDyD.jpg\", \"media_url_https\": \"https://pbs.twimg.com/media/CaLWOQaWIAEUDyD.jpg\", \"url\": \"https://t.co/6NgsQJuSBJ\", \"display_url\": \"pic.twitter.com/6NgsQJuSBJ\", \"expanded_url\": \"https://twitter.com/dog_rates/status/694352839993344000/photo/1\", \"type\": \"photo\", \"sizes\": {\"thumb\": {\"w\": 150, \"h\": 150, \"resize\": \"crop\"}, \"medium\": {\"w\": 600, \"h\": 800, \"resize\": \"fit\"}, \"large\": {\"w\": 768, \"h\": 1024, \"resize\": \"fit\"}, \"small\": {\"w\": 340, \"h\": 453, \"resize\": \"fit\"}}}]}, \"source\": \"<a href": null, " Ruffalo. Sadie says single parenting is challenging but rewarding. All 10/10 https://t.co/UzbhwXcLne\", \"truncated\": false, \"display_text_range\": [0, 143], \"entities\": {\"hashtags\": [], \"symbols\": [], \"user_mentions\": [], \"urls\": [], \"media\": [{\"id\": 693280713496469504, \"id_str\": \"693280713496469504\", \"indices\": [120, 143], \"media_url\": \"http://pbs.twimg.com/media/CZ8HIsGWIAA9eXX.jpg\", \"media_url_https\": \"https://pbs.twimg.com/media/CZ8HIsGWIAA9eXX.jpg\", \"url\": \"https://t.co/UzbhwXcLne\", \"display_url\": \"pic.twitter.com/UzbhwXcLne\", \"expanded_url\": \"https://twitter.com/dog_rates/status/693280720173801472/photo/1\", \"type\": \"photo\", \"sizes\": {\"thumb\": {\"w\": 150, \"h\": 150, \"resize\": \"crop\"}, \"medium\": {\"w\": 600, \"h\": 800, \"resize\": \"fit\"}, \"large\": {\"w\": 768, \"h\": 1024, \"resize\": \"fit\"}, \"small\": {\"w\": 340, \"h\": 453, \"resize\": \"fit\"}}}]}, \"extended_entities\": {\"media\": [{\"id\": 693280713496469504, \"id_str\": \"693280713496469504\", \"indices\": [120, 143], \"media_url\": \"http://pbs.twimg.com/media/CZ8HIsGWIAA9eXX.jpg\", \"media_url_https\": \"https://pbs.twimg.com/media/CZ8HIsGWIAA9eXX.jpg\", \"url\": \"https://t.co/UzbhwXcLne\", \"display_url\": \"pic.twitter.com/UzbhwXcLne\", \"expanded_url\": \"https://twitter.com/dog_rates/status/693280720173801472/photo/1\", \"type\": \"photo\", \"sizes\": {\"thumb\": {\"w\": 150, \"h\": 150, \"resize\": \"crop\"}, \"medium\": {\"w\": 600, \"h\": 800, \"resize\": \"fit\"}, \"large\": {\"w\": 768, \"h\": 1024, \"resize\": \"fit\"}, \"small\": {\"w\": 340, \"h\": 453, \"resize\": \"fit\"}}}]}, \"source\": \"<a href": null}